{"cameraMode":{"drawMode":0,"name":"Shaded","section":"Shading Mode"},"sceneLighting":true,"audioPlay":false,"sceneViewState":{"showFog":true,"showMaterialUpdate":false,"showSkybox":true,"showFlares":true,"showImageEffects":true,"showParticleSystems":true},"in2DMode":false,"pivot":{"x":-26.520275115966798,"y":-23.540773391723634,"z":-0.4205554723739624},"rotation":{"x":0.23963774740695954,"y":-0.7157236337661743,"z":0.29194775223731997,"w":0.5874589085578919},"size":72.9261245727539,"orthographic":false}