{"cameraMode":{"drawMode":0,"name":"Shaded","section":"Shading Mode"},"sceneLighting":false,"audioPlay":false,"sceneViewState":{"showFog":true,"showMaterialUpdate":false,"showSkybox":false,"showFlares":true,"showImageEffects":true,"showParticleSystems":true},"in2DMode":false,"pivot":{"x":-1.590000033378601,"y":3.901437282562256,"z":1.7799999713897706},"rotation":{"x":-0.09952957183122635,"y":0.8312152624130249,"z":-0.15796755254268647,"w":-0.5236790180206299},"size":0.6143848299980164,"orthographic":false}